,neg,neu,pos,compound
count,182.0,182.0,182.0,182.0
mean,0.01991208791208791,0.8480439560439559,0.0716098901098901,0.06696373626373629
std,0.07554884239934945,0.291162308291954,0.1821279572987688,0.24933103248602861
min,0.0,0.0,0.0,-0.7326
25%,0.0,0.82675,0.0,0.0
50%,0.0,1.0,0.0,0.0
75%,0.0,1.0,0.0,0.0
max,0.524,1.0,1.0,0.9476
